date,topic,text
15-04-2022 10:32,Technology,Just got the new iPhone and I'm loving it! #apple #iphone #newtech
15-04-2022 12:15,Politics,What are your thoughts on the latest election results? #politics #elections #news
16-04-2022 14:20,Sports,Great game last night! The Lakers beat the Clippers 110-98. #lakers #clippers #nba
17-04-2022 09:45,Food,I had the best sushi of my life at this new restaurant downtown. #sushi #foodie #yum
12-04-2022 16:32,Politics,The President has signed a new bill into law to increase funding for public schools across the country.
12-04-2022 18:21,Sports,The local basketball team has won the championship for the third year in a row!
13-04-2022 12:45,Technology,"Apple has announced the release of its latest iPhone model, which features a new camera system and longer battery life."
13-04-2022 14:23,Entertainment,The highly anticipated new movie starring Tom Hanks is set to hit theaters next month.
14-04-2022 09:15,Health,A new study shows that eating a diet rich in fruits and vegetables can help reduce the risk of heart disease.
15-04-2022 17:39,Politics,A bill to provide more funding for infrastructure projects has been passed by Congress and is expected to be signed into law soon.
16-04-2022 11:57,Travel,"A new airline is set to launch next year, offering flights to popular destinations in Europe and Asia."
16-04-2022 13:24,Technology,"Google has announced the release of a new search algorithm, which is designed to provide more accurate and relevant results."
17-04-2022 20:18,Entertainment,"The popular TV show has been renewed for another season, much to the delight of fans."
18-04-2022 08:45,Health,"Experts are warning about the dangers of excessive sugar consumption, which can lead to obesity and other health problems."
18-04-2022 14:37,Sports,"The local baseball team has just signed a new player, who is expected to make a big impact on the team's performance."
19-04-2022 09:12,Technology,"Microsoft has unveiled a new version of its popular Office software, which includes several new features and improvements."
20-04-2022 16:28,Travel,"A new hotel has opened in a popular tourist destination, offering luxurious accommodations and breathtaking views."
20-04-2022 18:09,Politics,"A controversial new law has been proposed, which would restrict the rights of certain groups of people."
21-04-2022 11:53,Entertainment,"The popular band has announced a new tour, which will include stops in several cities across the country."
22-04-2022 07:36,Health,A new study suggests that getting enough sleep is crucial for overall health and can help reduce the risk of certain diseases.
22-04-2022 14:20,Sports,"The Olympic Games are set to take place later this year, and athletes from around the world are preparing to compete."
23-04-2022 18:45,Travel,"A new cruise ship has just been launched, featuring state-of-the-art amenities and exciting itineraries."
24-04-2022 09:27,Technology,"Facebook has announced the launch of a new social media platform, which is aimed at younger users."
24-04-2022 13:09,Politics,"The results of the latest election have been announced, and there have been some surprises in the outcome."
25-04-2022 15:55,Entertainment,"The highly acclaimed new play is set to open on Broadway next month, and tickets are selling fast."
26-04-2022 12:31,Health,"Researchers have discovered a new compound that may help fight antibiotic-resistant bacteria."
27-04-2022 14:10,Sports,"A talented young athlete has broken the world record for the 100-meter sprint."
28-04-2022 08:37,Travel,"A new high-speed train line is set to open, connecting major cities in record time."
29-04-2022 17:25,Food,"A new vegan restaurant is gaining popularity for its creative and delicious dishes."
30-04-2022 11:11,Technology,"Tesla has announced plans to open a new factory to increase production of electric vehicles."
01-05-2022 09:54,Politics,"A new law has been passed to increase the minimum wage in several states."
02-05-2022 16:38,Entertainment,"The latest blockbuster movie has broken box office records during its opening weekend."
03-05-2022 10:29,Health,"A new fitness app is helping people stay motivated and track their progress."
04-05-2022 18:15,Sports,"The soccer team has won a thrilling penalty shootout to advance in the tournament."
05-05-2022 20:48,Travel,"A new luxury resort has opened on a private island, offering the ultimate getaway experience."
06-05-2022 14:37,Food,"A local bakery has won an award for its delicious and unique pastries."
07-05-2022 16:02,Technology,"A groundbreaking new virtual reality system has been unveiled at a major tech conference."
08-05-2022 12:19,Politics,"A new candidate has announced their intention to run for office in the upcoming election."
09-05-2022 11:45,Entertainment,"A popular singer has released a new album, featuring collaborations with several top artists."
10-05-2022 10:31,Health,"A recent study suggests that meditation can help reduce stress and improve mental health."
11-05-2022 09:47,Sports,"The tennis player has won a major championship, marking a triumphant return after an injury."
12-05-2022 17:15,Travel,"A new eco-tourism destination is attracting visitors with its beautiful landscapes and sustainable practices."
13-05-2022 15:32,Food,"A local chef has won a prestigious cooking competition with their innovative dish."
14-05-2022 08:59,Technology,"A new app has been developed to help users manage their finances and save money."
15-05-2022 14:26,Politics,"A new bill has been introduced to address climate change and promote renewable energy."
16-05-2022 11:17,Entertainment,"The long-awaited sequel to a popular book series has been released to rave reviews."
17-05-2022 13:24,Health,"A new vaccine has been approved for use, offering protection against a dangerous virus."
18-05-2022 16:48,Sports,"The local football team has won a thrilling match in the final seconds of the game."
19-05-2022 10:41,Travel,"A new underwater hotel has opened, offering guests a unique and immersive experience."
20-05-2022 18:36,Food,"A new food festival is taking place this weekend, featuring dishes from around the world."
21-05-2022 12:15,Technology,"A new smartwatch has been announced, featuring advanced health monitoring capabilities."
22-05-2022 14:10,Politics,"The government has announced new policies to support small businesses and boost economic growth."
23-05-2022 09:58,Entertainment,"The lineup for this year's summer music festival has been announced, featuring top artists from various genres."
24-05-2022 10:17,Health,"A new study has found that regular exercise can help improve cognitive function in older adults."
25-05-2022 15:31,Sports,"A professional golfer has won their first major tournament, marking a significant milestone in their career."
26-05-2022 18:42,Travel,"A new budget airline has launched, offering affordable flights to popular vacation destinations."
27-05-2022 12:23,Food,"A new cookbook has been released, featuring healthy and easy-to-prepare recipes."
28-05-2022 11:05,Technology,"A startup has developed a new AI-powered device that can help improve energy efficiency in homes."
29-05-2022 14:49,Politics,"A new initiative has been announced to improve infrastructure and create jobs in rural areas."
30-05-2022 10:22,Entertainment,"The highly anticipated film adaptation of a bestselling novel is set to premiere next month."
31-05-2022 16:45,Health,"A new drug has been approved for the treatment of a rare and debilitating disease."
01-06-2022 13:12,Sports,"A young athlete has made history as the youngest competitor to win a gold medal in their sport."
02-06-2022 17:38,Travel,"A new amusement park has opened, featuring thrilling rides and attractions for all ages."
03-06-2022 10:53,Food,"A new fusion restaurant has opened, blending flavors from different cuisines to create unique dishes."
04-06-2022 15:16,Technology,"A major tech company has unveiled a new streaming service, offering exclusive content and popular shows."
05-06-2022 11:29,Politics,"A landmark agreement has been reached between two nations, aimed at fostering peace and cooperation."
06-06-2022 12:46,Entertainment,"A renowned artist has unveiled their latest masterpiece, drawing praise from critics and fans alike."
07-06-2022 09:27,Health,"A new research study has found a link between air pollution and increased risk of chronic health conditions."
08-06-2022 14:39,Sports,"The city has been chosen to host the next international sporting event, bringing excitement and economic benefits."
09-06-2022 16:28,Travel,"A new eco-friendly hotel has opened, promoting sustainability and environmental awareness."
10-06-2022 10:14,Food,"A popular food blogger has published a new cookbook, featuring plant-based recipes and cooking tips."
11-06-2022 11:57,Technology,"A new app has been launched to help users reduce their carbon footprint and live more sustainably."
12-06-2022 15:23,Politics,"A new law has been passed to protect the rights of workers and ensure fair wages and benefits."
13-06-2022 17:10,Entertainment,"The cast for the upcoming film adaptation of a popular comic book series has been announced."
14-06-2022 09:21,Health,"A new wellness retreat has opened, offering a range of services to promote relaxation and self-care."
15-06-2022 16:07,Sports,"A record-breaking performance by a swimmer has captured the attention of the sports world."
16-06-2022 12:35,Travel,"A new scenic hiking trail has been opened, offering breathtaking views and diverse landscapes."
17-06-2022 14:18,Food,"A local winery has won a prestigious award for its exceptional vintage at an international competition."
18-06-2022 10:49,Technology,"A breakthrough in battery technology has been announced, promising longer-lasting and more efficient power sources."
19-06-2022 15:26,Politics,"A new initiative aims to tackle homelessness and provide affordable housing in major cities."
20-06-2022 16:11,Entertainment,"A surprise guest appearance by a famous actor has delighted fans at a popular comic convention."
21-06-2022 09:32,Health,"A new report highlights the importance of mental health care and reducing the stigma surrounding mental illness."
22-06-2022 13:15,Sports,"A thrilling comeback victory has advanced the soccer team to the next stage of the competition."
23-06-2022 17:54,Travel,"A new archaeological discovery has been made, attracting tourists and historians alike."
24-06-2022 11:21,Food,"A popular food truck has announced plans to open a brick-and-mortar restaurant due to high demand."
25-06-2022 15:38,Technology,"A major software update has been released, offering improved security and new features for users."
26-06-2022 14:17,Politics,"A new environmental policy has been implemented to reduce pollution and promote clean energy."
27-06-2022 10:24,Entertainment,"A popular TV show has been nominated for multiple awards at an upcoming ceremony."
28-06-2022 16:43,Health,"A new fitness challenge has gone viral on social media, encouraging people to get active and stay healthy."
29-06-2022 12:12,Sports,"A highly anticipated boxing match has been announced, featuring two top-ranked fighters."
30-06-2022 18:31,Travel,"A new luxury cruise line is set to launch, offering unique itineraries and unparalleled service."
01-07-2022 10:55,Food,"A famous chef has opened a new restaurant, featuring a menu inspired by their travels around the world."
02-07-2022 14:46,Technology,"A new gadget has been developed to help users track their daily water intake and stay hydrated."
03-07-2022 11:20,Politics,"A new diplomatic agreement has been reached between two countries, strengthening their relationship."
04-07-2022 17:29,Entertainment,"A best-selling author has announced a new book in their popular series, exciting fans worldwide."
05-07-2022 09:13,Health,"A new health clinic has opened, providing accessible and affordable care to the community."
06-07-2022 15:17,Sports,"An underdog team has won a major championship, inspiring fans with their perseverance and determination."
07-07-2022 12:34,Travel,"A new tourist attraction has been unveiled, showcasing the history and culture of the region."
08-07-2022 16:45,Food,"A new food delivery service has launched, promising faster and more efficient deliveries to customers."
09-07-2022 10:38,Technology,"A new e-commerce platform has been introduced, offering a wide range of products and competitive prices."
10-07-2022 14:29,Politics,"A new education reform bill has been proposed, aiming to improve the quality of education nationwide."
11-07-2022 11:52,Entertainment,"A new art exhibit has opened, featuring the works of talented emerging artists from around the world."
12-07-2022 13:17,Health,"A groundbreaking new study has identified potential risk factors for a common health condition."
13-07-2022 15:40,Sports,"A young gymnast has made history, achieving a perfect score in a major competition."
14-07-2022 09:23,Travel,"A new adventure travel company has launched, offering unique and exciting experiences for thrill-seekers."
15-07-2022 16:15,Food,"A popular food festival is returning this year, highlighting local culinary talent and diverse cuisine."
16-07-2022 10:54,Technology,"A new gaming console has been announced, featuring cutting-edge graphics and a powerful processor."
17-07-2022 12:35,Politics,"A new policy has been introduced to combat income inequality and provide greater support for low-income families."
18-07-2022 18:22,Entertainment,"A new reality TV show has debuted, quickly gaining a dedicated fanbase and sparking online discussions."
19-07-2022 14:29,Health,"A new wellness app has been developed, offering personalized fitness and nutrition advice."
20-07-2022 11:48,Sports,"A local sports team has won a championship, bringing pride and excitement to the community."
21-07-2022 16:07,Travel,"A new luxury train journey has been announced, offering passengers a chance to explore scenic landscapes in comfort."
22-07-2022 09:21,Food,"A new coffee shop has opened, featuring sustainably sourced beans and unique drink options."
23-07-2022 15:33,Technology,"A new wearable fitness tracker has been unveiled, boasting advanced health monitoring features."
24-07-2022 12:46,Politics,"A new law has been enacted to protect the environment and promote sustainable practices."
25-07-2022 10:18,Entertainment,"A popular musician has announced a surprise album release, generating excitement among fans."
26-07-2022 14:57,Health,"A new medical breakthrough has been made, offering hope for the treatment of a previously untreatable condition."
27-07-2022 16:31,Sports,"A legendary athlete has announced their retirement, leaving a lasting legacy in their sport."
28-07-2022 08:48,Travel,"A new travel guide has been published, offering insider tips and recommendations for a popular destination."
29-07-2022 11:19,Food,"A new cooking competition show has premiered, challenging chefs to create dishes using unusual ingredients."
30-07-2022 17:12,Technology,"A major software company has acquired a smaller startup, expanding its product offerings and capabilities."
31-07-2022 14:27,Politics,"A new public transportation initiative has been announced, aiming to reduce congestion and improve air quality."
01-08-2022 13:05,Entertainment,"A major film festival has kicked off, showcasing a diverse selection of movies from around the world."
02-08-2022 10:23,Health,"A new fitness trend has emerged, combining elements of dance and strength training for a fun, full-body workout."
03-08-2022 15:39,Sports,"A record-breaking performance by a track and field athlete has captured the attention of sports enthusiasts."
04-08-2022 09:31,Travel,"A new airline route has been announced, connecting two previously underserved cities and boosting tourism."
05-08-2022 12:15,Food,"A new farm-to-table restaurant has opened, focusing on locally sourced ingredients and sustainable practices."
06-08-2022 17:27,Technology,"A new virtual reality headset has been released, offering an immersive gaming experience for users."
07-08-2022 14:09,Politics,"A new social welfare program has been introduced to provide support for families in need."
08-08-2022 16:47,Entertainment,"A new comedy series has debuted, earning rave reviews and a loyal fan following."
09-08-2022 10:26,Health,"A new research study suggests that mindfulness meditation may help reduce stress and improve mental health."
10-08-2022 13:38,Sports,"A thrilling soccer match ended in a draw, setting up an intense rematch in the near future."
11-08-2022 15:21,Travel,"A new eco-tourism destination has opened, offering visitors a chance to explore pristine natural environments."
12-08-2022 09:17,Food,"A new bakery has opened, specializing in artisan breads and delicious pastries made from scratch."
13-08-2022 11:59,Technology,"A new electric car model has been unveiled, boasting impressive range and environmentally friendly features."
14-08-2022 12:45,Politics,"A new initiative has been launched to promote gender equality and empower women in the workforce."
15-08-2022 18:31,Entertainment,"A new documentary film has been released, shedding light on an important social issue."
16-08-2022 14:19,Health,"A new online platform has been developed to help users find mental health resources and support."
17-08-2022 16:51,Sports,"A major upset in a tennis tournament has left fans shocked and excited for future matches."
18-08-2022 10:33,Travel,"A new glamping site has opened, offering luxury accommodations in a stunning natural setting."
19-08-2022 15:17,Food,"A new vegan restaurant has opened, offering delicious plant-based dishes that appeal to a wide audience."
20-08-2022 13:48,Technology,"A new cybersecurity tool has been launched, helping businesses protect their data and digital assets."
21-08-2022 14:26,Politics,"A new bill has been proposed to increase funding for scientific research and innovation."
22-08-2022 17:39,Entertainment,"A popular author has announced plans for a book signing tour, drawing excitement from fans across the country."
23-08-2022 12:21,Health,"A new mobile app has been developed to help users track their physical activity and set fitness goals."
24-08-2022 16:05,Sports,"A record-breaking performance in a swimming competition has inspired young athletes to pursue their dreams."
25-08-2022 11:46,Travel,"A new historical site has been opened to the public, offering insight into the region's rich history."
26-08-2022 14:13,Food,"A new food delivery app has been launched, focusing on partnering with local, independent restaurants."
27-08-2022 10:27,Technology,"A new smartphone has been released, featuring innovative camera technology and improved battery life."
27-08-2022 17:38,Education,"A new online learning platform has been introduced, offering a variety of courses and resources for students of all ages."
28-08-2022 14:52,Environment,"A new initiative has been launched to promote the use of renewable energy sources and reduce carbon emissions."
29-08-2022 15:39,Science,"A new discovery in the field of astronomy has led to a better understanding of the universe and its origins."
30-08-2022 12:18,Fashion,"A new sustainable fashion brand has debuted, using eco-friendly materials and ethical manufacturing practices."
31-08-2022 09:33,Art,"A new art exhibition has opened, showcasing the work of emerging artists and their unique perspectives."
01-09-2022 16:29,Finance,"A new financial technology startup has been founded, aiming to revolutionize the way people manage their money."
02-09-2022 13:54,Education,"A new scholarship program has been established to help talented students access higher education opportunities."
03-09-2022 11:47,Environment,"A new conservation project has been initiated to protect endangered species and their habitats."
04-09-2022 14:22,Science,"A new breakthrough in medical research could lead to more effective treatments for a variety of diseases."
05-09-2022 10:11,Fashion,"A new fashion trend has emerged, blending vintage styles with modern elements for a unique look."
06-09-2022 17:30,Art,"A new street art mural has been unveiled, celebrating the local culture and community spirit."
07-09-2022 15:52,Finance,"A new economic policy has been introduced, aimed at promoting growth and reducing income inequality."
08-09-2022 12:23,Education,"A new study has found that interactive learning methods can lead to better academic outcomes for students."
09-09-2022 11:47,Environment,"A new report has highlighted the importance of protecting our oceans and addressing the issue of plastic pollution."
10-09-2022 16:19,Science,"A new scientific expedition has been launched to explore uncharted areas of the deep sea."
11-09-2022 14:45,Fashion,"A new designer has gained attention for their innovative approach to sustainable fashion and unique designs."
12-09-2022 10:33,Art,"A new art installation has been revealed, inviting visitors to interact with the piece and experience it in a new way."
13-09-2022 17:11,Finance,"A new cryptocurrency has been introduced, offering users enhanced privacy and security features."
14-09-2022 13:27,Education,"A new after-school program has been developed, providing academic support and enrichment activities for students."
15-09-2022 15:49,Environment,"A new community garden has been established, encouraging residents to grow their own food and learn about sustainable practices."
16-09-2022 12:10,Science,"A new laboratory has been opened, dedicated to researching cutting-edge technology and its potential applications."
17-09-2022 11:24,Fashion,"A new fashion event has been announced, highlighting the work of local designers and promoting sustainable practices."
18-09-2022 16:55,Art,"A new art festival has been scheduled, featuring a variety of artistic mediums and celebrating creativity in the community."
19-09-2022 14:32,Finance,"A new investment strategy has gained popularity, focusing on long-term growth and responsible investing practices."
20-09-2022 09:47,Education,"A new study abroad program has been launched, offering students the opportunity to learn and immerse themselves in a new culture."
21-09-2022 14:59,Environment,"A new green initiative has been implemented, encouraging individuals and businesses to adopt more eco-friendly practices."
22-09-2022 11:18,Science,"A new study has found a potential link between gut health and mental well-being, leading to further research in the field of microbiome."
23-09-2022 15:44,Fashion,"A new fashion collaboration between a luxury brand and a streetwear label has caused a buzz in the fashion industry."
24-09-2022 12:27,Art,"A new public art project has been unveiled, beautifying the city and bringing attention to important social issues."
25-09-2022 11:09,Finance,"A new investment platform has been launched, offering a user-friendly interface and personalized investment recommendations."
26-09-2022 16:37,Education,"A new education reform proposal has been introduced, aiming to increase access to quality education for underserved communities."
27-09-2022 14:18,Environment,"A new study has revealed the alarming impact of plastic waste on marine life, leading to renewed efforts to reduce plastic consumption."
28-09-2022 17:22,Science,"A new breakthrough in gene therapy has shown promising results in treating genetic disorders and diseases."
29-09-2022 12:49,Fashion,"A new fashion exhibit has opened, showcasing the evolution of fashion and its cultural significance over time."
30-09-2022 14:57,Art,"A new art museum has been established, housing a vast collection of artworks from different eras and cultures."
01-10-2022 11:33,Finance,"A new financial literacy program has been launched, providing education and resources to help individuals make informed financial decisions."
02-10-2022 15:29,Education,"A new study has found that hands-on learning experiences can significantly enhance student engagement and retention of information."
03-10-2022 13:12,Environment,"A new solar energy project has been initiated, aiming to provide renewable energy to communities in need."
04-10-2022 17:18,Science,"A new discovery in the field of neuroscience has shed light on the mechanisms of memory formation and retention."
05-10-2022 14:22,Fashion,"A new fashion magazine has been launched, featuring diverse perspectives and highlighting underrepresented voices in the industry."
06-10-2022 11:16,Art,"A new art auction has set record-breaking prices for several artworks, reflecting the growing demand and appreciation for fine art."
07-10-2022 16:03,Finance,"A new financial regulation has been proposed, aimed at improving transparency and accountability in the banking industry."
08-10-2022 12:45,Education,"A new partnership between universities and industry leaders has been established, promoting collaboration and innovation in research and development."
09-10-2022 14:52,Environment,"A new wildlife conservation project has been launched, focusing on the preservation of endangered species and their habitats."
10-10-2022 10:37,Science,"A new study has found a potential breakthrough in cancer treatment, offering hope for patients and their families."
11-10-2022 17:11,Fashion,"A new fashion line has been launched, featuring sustainable materials and ethical manufacturing practices."
13-10-2022 14:49,Technology,"A new social media platform has gained popularity among young users, offering unique features and a fresh approach to online communication."
14-10-2022 12:27,Art,"A new art installation has been commissioned, using recycled materials to create a stunning display that promotes sustainability and environmental awareness."
15-10-2022 11:09,Fashion,"A new fashion trend has emerged, inspired by the vibrant colors and bold prints of African textiles and designs."
16-10-2022 15:44,Science,"A new study has found that regular exercise can have a significant impact on cognitive function and mental well-being in older adults."
17-10-2022 13:27,Environment,"A new initiative has been launched to restore damaged ecosystems and promote biodiversity in urban areas."
18-10-2022 10:18,Education,"A new online learning platform has been introduced, offering interactive courses and certifications for professionals in various fields."
19-10-2022 16:37,Politics,"A new government policy has been enacted to promote renewable energy and reduce the country's carbon footprint."
20-10-2022 14:18,Sports,"A major sporting event has captivated the world, with athletes from different countries and backgrounds competing for glory and national pride."
21-10-2022 17:22,Entertainment,"A new movie franchise has gained popularity, featuring diverse casts and powerful storytelling that resonates with audiences around the world."
22-10-2022 12:49,Health,"A new breakthrough in medical research has led to the development of a potential treatment for Alzheimer's disease."
23-10-2022 14:57,Travel,"A new sustainable travel option has been introduced, offering eco-friendly accommodations and responsible tourism activities."
24-10-2022 11:33,Technology,"A new app has been developed to help users reduce their screen time and promote a healthier relationship with technology."
25-10-2022 15:29,Art,"A new exhibition has opened, showcasing the work of emerging artists who are pushing boundaries and challenging conventional art forms."
26-10-2022 13:12,Fashion,"A new fashion collaboration has been announced, bringing together two iconic brands and creating a buzz in the fashion world."
27-10-2022 17:18,Science,"A new discovery in the field of astronomy has revealed the existence of a previously unknown planet in our solar system."
28-10-2022 14:22,Environment,"A new community-led project has been initiated to clean up local parks and green spaces, promoting community engagement and environmental stewardship."
29-10-2022 11:16,Education,"A new educational program has been launched, providing low-income students with access to quality tutoring and mentorship opportunities."
30-10-2022 16:03,Politics,"A new policy has been introduced to provide free healthcare for all citizens, ensuring that everyone has access to essential medical services."
31-10-2022 12:45,Sports,"A new sports league has been established, promoting gender equality and diversity in sports and offering opportunities for athletes of all backgrounds."
01-11-2022 14:52,Entertainment,"A new streaming service has been launched, offering original content and innovative features that differentiate it from existing platforms."
02-11-2022 10:37,Health,"A new study has found that a plant-based diet can significantly reduce the risk of chronic diseases and promote overall health and well-being."
03-11-2022 17:11,Travel,"A new luxury hotel has opened, featuring innovative sustainable design and offering guests a unique eco-friendly experience."
04-11-2022 13:59,Technology,"A new AI-powered personal assistant has been introduced, helping users manage their daily tasks and streamline their schedules."
05-11-2022 11:22,Art,"A new public art installation has been unveiled, transforming a city square into a vibrant and interactive space that engages and delights visitors."
06-11-2022 15:18,Fashion,"A new fashion line has been launched, featuring sustainable fabrics and ethical production practices that prioritize worker rights and environmental impact."
07-11-2022 12:37,Science,"A new scientific breakthrough has led to the development of a groundbreaking technology that has the potential to revolutionize renewable energy production."
08-11-2022 16:45,Environment,"A new initiative has been launched to combat plastic waste and promote recycling, encouraging individuals and businesses to adopt sustainable practices."
09-11-2022 14:28,Education,"A new research study has found that early childhood education programs can have a significant positive impact on children's cognitive and social development."
10-11-2022 10:49,Politics,"A new law has been passed to protect voting rights and increase access to the ballot box, ensuring that all citizens have a voice in the democratic process."
11-11-2022 14:27,Sports,"A new athlete has emerged as a rising star in their sport, breaking records and inspiring fans with their talent and determination."
12-11-2022 12:11,Entertainment,"A new musical has debuted on Broadway, featuring an all-star cast and a memorable score that has audiences raving."
13-11-2022 16:09,Health,"A new medical treatment has been approved for use, offering hope for patients with a rare and previously untreatable disease."
14-11-2022 13:33,Travel,"A new eco-tourism destination has opened, providing visitors with an opportunity to explore a pristine wilderness and learn about conservation efforts."
15-11-2022 17:21,Technology,"A new software program has been developed to help businesses streamline their operations and improve efficiency, saving time and money."
16-11-2022 14:47,Art,"A new public mural has been commissioned, celebrating the rich cultural heritage of the community and promoting unity and understanding."
17-11-2022 12:18,Fashion,"A new fashion designer has burst onto the scene, attracting attention with their bold and innovative designs and sustainable manufacturing practices."
18-11-2022 11:03,Science,"A new discovery in the field of genetics has shed light on the origins of a rare disease, offering hope for improved treatments and potential cures."
19-11-2022 15:08,Environment,"A new initiative has been launched to plant millions of trees in urban areas, promoting clean air and a healthier environment for residents."
20-11-2022 12:44,Education,"A new online learning program has been introduced, offering affordable and accessible courses to individuals around the world."
21-11-2022 16:56,Politics,"A new political movement has emerged, advocating for progressive policies and social justice reform that prioritize the needs of marginalized communities."
22-11-2022 14:39,Sports,"A new sports facility has been built, providing state-of-the-art training and competition facilities for athletes in various sports and disciplines."
24-11-2022 15:12,Entertainment,"A new streaming service has been launched, offering a wide range of original content and classic movies and TV shows."
25-11-2022 12:34,Health,"A new study has found that regular exercise and healthy eating habits can help reduce the risk of chronic diseases and promote overall well-being."
26-11-2022 16:22,Travel,"A new cruise ship has been unveiled, featuring luxurious amenities and sustainable practices that prioritize environmental conservation."
27-11-2022 14:09,Technology,"A new app has been developed to help users reduce their carbon footprint and live a more eco-friendly lifestyle."
28-11-2022 17:33,Art,"A new museum exhibit has opened, showcasing the work of an influential artist whose work has inspired generations of creators."
29-11-2022 13:55,Environment,"A new green energy project has been launched, harnessing wind and solar power to provide clean, sustainable energy to local communities."
30-11-2022 11:42,Education,"A new initiative has been introduced to provide greater access to higher education for underprivileged and marginalized students."
01-12-2022 15:58,Politics,"A new political leader has emerged, championing progressive policies and working to bring about positive change in their community and beyond."
02-12-2022 13:24,Sports,"A new sports league has been formed, offering a platform for athletes to compete at the highest level and showcase their talents to the world."
03-12-2022 17:17,Entertainment,"A new blockbuster movie has been released, breaking box office records and captivating audiences with its epic story and stunning visual effects."
04-12-2022 14:55,Health,"A new medical breakthrough has been made, leading to the development of a promising new treatment for a debilitating chronic illness."
05-12-2022 11:28,Travel,"A new luxury resort has opened, offering guests a serene and picturesque getaway in a breathtaking natural setting."
06-12-2022 15:39,Technology,"A new device has been developed to help people with disabilities navigate their environment and access digital tools with greater ease."
07-12-2022 12:17,Art,"A new art installation has been unveiled, highlighting the beauty and diversity of the natural world and encouraging visitors to appreciate and protect it."
08-12-2022 16:28,Fashion,"A new fashion campaign has been launched, promoting sustainable and ethical fashion practices and encouraging consumers to make responsible choices."
09-12-2022 13:51,Science,"A new scientific study has revealed new insights into the behavior and habits of an elusive and endangered species, providing valuable information for conservation efforts."
10-12-2022 17:42,Environment,"A new conservation effort has been launched to protect endangered marine species and promote sustainable fishing practices."
11-12-2022 15:09,Education,"A new education initiative has been introduced to provide greater access to STEM education for girls and other underrepresented groups."
12-12-2022 11:48,Politics,"A new political agreement has been reached to address climate change and reduce carbon emissions, representing a major step forward in global efforts to combat this urgent issue."
13-12-2022 15:55,Sports,"A new athlete has broken a longstanding world record, inspiring fans and setting a new standard of excellence in their sport."
14-12-2022 13:27,Entertainment,"A new TV series has been released, featuring a diverse cast and compelling storylines that have sparked important conversations around social issues."
15-12-2022 16:59,Health,"A new medical device has been developed to help diagnose and treat a rare genetic disorder, providing hope for patients and their families."
16-12-2022 14:36,Travel,"A new adventure tourism experience has been launched, offering thrill-seekers the chance to explore some of the world's most breathtaking and remote locations."
17-12-2022 10:58,Technology,"A new breakthrough in artificial intelligence has been made, paving the way for more advanced and sophisticated applications of this rapidly evolving field."
18-12-2022 14:22,Art,"A new public art project has been unveiled, transforming a previously dull and unremarkable space into a vibrant and engaging community hub."
19-12-2022 11:47,Environment,"A new initiative has been launched to combat deforestation and promote sustainable forestry practices, protecting vital habitats and biodiversity."
20-12-2022 16:12,Education,"A new online learning platform has been introduced, offering high-quality educational resources and courses to learners of all ages and backgrounds."
21-12-2022 13:39,Politics,"A new international treaty has been signed, aiming to promote peace and cooperation among nations and prevent conflict and aggression."
22-12-2022 17:05,Sports,"A new sports stadium has been built, providing state-of-the-art facilities for athletes and fans alike and boosting the local economy."
23-12-2022 14:17,Entertainment,"A new music festival has been announced, featuring a diverse lineup of artists from around the world and celebrating the power of music to bring people together."
24-12-2022 11:59,Health,"A new public health campaign has been launched, raising awareness about the dangers of tobacco use and promoting smoking cessation programs."
25-12-2022 16:45,Travel,"A new eco-tourism destination has been established, offering visitors the chance to experience unique and sustainable travel experiences while supporting local communities."
26-12-2022 14:28,Technology,"A new app has been developed to help people with mental health conditions manage their symptoms and connect with resources and support networks."
27-12-2022 17:14,Art,"A new exhibit has opened, showcasing the work of emerging artists from diverse backgrounds and highlighting the importance of supporting and nurturing young talent."
28-12-2022 15:22,Fashion,"A new fashion line has been launched, featuring inclusive sizing and diverse models that reflect a range of body types and identities."
29-12-2022 12:48,Science,"A new scientific study has uncovered a major breakthrough in the treatment of a rare and devastating disease, offering hope to patients and their families."
30-12-2022 16:17,Environment,"A new environmental policy has been introduced, aimed at reducing waste and promoting recycling and composting to create a more sustainable future."
31-12-2022 13:56,Education,"A new program has been launched to help students develop the critical thinking and problem-solving skills they need to succeed in today's rapidly changing world."
01-01-2023 15:30,Politics,"A new campaign has been initiated, focused on increasing voter registration and participation in order to strengthen democracy and promote civic engagement."
02-01-2023 14:02,Sports,"A new adaptive sports program has been established, providing opportunities for athletes with disabilities to participate in various sports and enjoy the benefits of physical activity."
03-01-2023 17:25,Entertainment,"A new book has been released, exploring the challenges and triumphs of a group of individuals as they navigate the complexities of modern life, gaining critical acclaim for its poignant storytelling."
04-01-2023 15:12,Health,"A new health initiative has been launched, focused on promoting the importance of regular exercise and a balanced diet in order to reduce the risk of chronic diseases."
05-01-2023 13:48,Travel,"A new sustainable travel campaign has been introduced, encouraging travelers to reduce their environmental impact and support local economies by choosing eco-friendly accommodations and experiences."
06-01-2023 16:57,Technology,"A new virtual reality platform has been developed, offering users the chance to immerse themselves in realistic simulations for education, training, and entertainment purposes."
07-01-2023 12:24,Art,"A new creative collaboration has been announced, bringing together renowned artists from different disciplines to create an innovative and immersive multimedia experience."
08-01-2023 15:38,Fashion,"A new trend has emerged in the fashion industry, embracing the concept of 'upcycling' as a way to transform discarded materials into stylish and unique clothing items."
09-01-2023 14:11,Science,"A new discovery has been made in the field of astrophysics, providing valuable insights into the formation and evolution of galaxies and deepening our understanding of the universe."
10-01-2023 17:46,Environment,"A new initiative has been introduced to protect and restore vital wetlands, ensuring the survival of numerous plant and animal species and the overall health of local ecosystems."
11-01-2023 15:29,Education,"A new partnership has been formed between schools and local businesses, offering students valuable work experience and helping to prepare them for future careers."
12-01-2023 13:58,Politics,"A new piece of legislation has been passed, aimed at improving income inequality and providing greater access to essential services for those in need."
13-01-2023 17:15,Sports,"A new initiative has been launched to encourage youth participation in sports, fostering teamwork, discipline, and a love for physical activity."
14-01-2023 14:47,Entertainment,"A new video game has been released, featuring a captivating storyline, immersive gameplay, and cutting-edge graphics, winning praise from both critics and players alike."
15-01-2023 16:23,Health,"A new study has been published, highlighting the benefits of mindfulness and meditation for reducing stress and improving overall mental well-being."
16-01-2023 15:01,Travel,"A new travel documentary series has premiered, taking viewers on a journey through lesser-known destinations and highlighting the unique cultures and landscapes of each location."
17-01-2023 12:40,Technology,"A new innovation in renewable energy technology has been developed, significantly increasing the efficiency of solar panels and making clean energy more accessible for homes and businesses."
18-01-2023 15:54,Art,"A new art movement has gained momentum, exploring the intersections of technology and traditional artistic mediums to create thought-provoking and visually stunning pieces."
19-01-2023 16:29,Fashion,"A groundbreaking new fabric has been introduced, made from recycled materials and offering incredible durability and comfort, while reducing the fashion industry's environmental impact. #SustainableFashion"
20-01-2023 14:07,Science,"Scientists have made a breakthrough in understanding the neural mechanisms behind memory formation, paving the way for potential treatments for memory-related disorders. #Neuroscience #MemoryResearch"
21-01-2023 17:42,Environment,"A community-led reforestation project has successfully planted over one million trees, combatting climate change and restoring vital ecosystems for future generations. #Reforestation #ClimateAction"
22-01-2023 13:19,Education,"A new language learning app has been released, using advanced AI technology to create personalized lesson plans, making it easier than ever to learn a new language. #LanguageLearning #EdTech"
23-01-2023 15:32,Politics,"A new policy has been implemented to increase funding for mental health services, aiming to reduce stigma and provide greater support for individuals and families affected. #MentalHealthMatters"
24-01-2023 12:11,Sports,"A new sports training program has been developed, utilizing cutting-edge biomechanics research to help athletes optimize their performance and prevent injuries. #SportsScience #AthleticPerformance"
25-01-2023 16:46,Entertainment,"A new talent show has debuted, giving undiscovered musicians from around the world a chance to showcase their skills and gain exposure on a global stage. #MusicTalent #NewArtists"
26-01-2023 14:25,Health,"A new report has highlighted the importance of regular dental check-ups in maintaining overall health and preventing serious health issues. #OralHealth #PreventativeCare"
27-01-2023 17:08,Travel,"A new travel guide has been published, focusing on responsible tourism and offering tips on how to have a positive impact on the environment and local communities while traveling. #ResponsibleTravel"
28-01-2023 15:37,Technology,"A new cybersecurity tool has been developed, utilizing advanced machine learning algorithms to detect and prevent cyberattacks in real-time. #Cybersecurity #MachineLearning"
29-01-2023 12:19,Art,"A new art therapy program has been launched, helping individuals to express themselves and process their emotions through various artistic mediums. #ArtTherapy #MentalWellbeing"
30-01-2023 16:42,Fashion,"A new fashion-forward initiative promotes the use of eco-friendly dyes and materials, emphasizing the need for the industry to prioritize sustainability. #EcoFashion #SustainableTextiles"
31-01-2023 14:15,Science,"A new research project has discovered a method to efficiently convert carbon dioxide into usable fuel, opening the door for groundbreaking advancements in renewable energy. #CleanEnergy #CarbonCapture"
01-02-2023 17:51,Environment,"A new urban farming initiative is turning vacant city lots into thriving community gardens, promoting food security and fostering a sense of community. #UrbanFarming #SustainableCities"
02-02-2023 15:29,Education,"A new grant program has been established to support underrepresented students pursuing careers in technology, helping to bridge the digital divide. #TechEducation #EqualOpportunity"
03-02-2023 13:58,Politics,"A new bipartisan agreement has been reached to invest in critical infrastructure projects, creating jobs and improving the quality of life for millions of citizens. #Infrastructure"
04-02-2023 18:12,Sports,"A controversial new rule change in professional football has been met with mixed reactions from fans and players alike, sparking heated debates across social media platforms. #RuleChange #FootballDebate"
05-02-2023 16:45,Entertainment,"Fans are disappointed after a highly anticipated movie sequel fails to live up to expectations, with critics citing a weak plot and poor character development. #MovieSequel #Disappointment"
06-02-2023 14:33,Health,"A new study highlights the potential risks associated with excessive consumption of energy drinks, urging consumers to be cautious and opt for healthier alternatives. #EnergyDrinks #HealthRisks"
07-02-2023 17:10,Travel,"A new report reveals that overtourism continues to put pressure on popular travel destinations, leading to calls for responsible and sustainable tourism practices. #Overtourism #SustainableTravel"
08-02-2023 15:49,Technology,"Privacy concerns have arisen following the discovery of a security flaw in a popular messaging app, with users being advised to update their software immediately. #Privacy #SecurityFlaw"
09-02-2023 13:27,Art,"A provocative new art exhibit sparks a heated debate about censorship and artistic freedom, with some praising the work's boldness and others decrying it as offensive. #ArtDebate #Censorship"
10-02-2023 16:52,Fashion,"A recent fashion show has been criticized for its lack of diversity among models, prompting calls for greater inclusivity and representation within the industry. #FashionDiversity #Inclusivity"
11-02-2023 14:20,Science,"The scientific community is divided over the ethical implications of a new gene-editing experiment, with some arguing that it could lead to groundbreaking medical advancements, while others express concern over potential unforeseen consequences. #GeneEditing #Ethics"
12-02-2023 17:57,Environment,"A new report indicates that air pollution levels in major cities are continuing to rise, posing serious health risks to residents and highlighting the urgent need for action. #AirPollution #PublicHealth"
13-02-2023 15:34,Education,"A recent study reveals mixed results from an experimental new teaching method, with some students showing significant improvement while others struggle to adapt. #Education #TeachingMethods"
14-02-2023 13:12,Politics,"A new political scandal has erupted, leading to a public outcry for transparency and accountability from elected officials. #PoliticalScandal #Transparency"
15-02-2023 18:39,Sports,"An inspiring underdog story unfolds as a little-known athlete overcomes adversity and secures a spot on their national team, inspiring fans everywhere. #UnderdogStory #SportsInspiration"
16-02-2023 16:17,Entertainment,"The latest album release from a popular artist has received mixed reviews, with some praising the new musical direction while others feel it lacks the artist's signature sound. #AlbumRelease #MixedReviews"
17-02-2023 14:52,Health,"A new wellness trend has emerged, but experts are skeptical about its effectiveness and warn that it could potentially be harmful to certain individuals. #WellnessTrend #HealthWarning"
18-02-2023 17:28,Travel,"An innovative new travel app aims to revolutionize the way we plan trips, offering personalized recommendations and unique experiences. However, users report mixed results and occasional technical issues. #TravelApp #Innovation"
19-02-2023 15:05,Technology,"The announcement of a new smartphone model has divided tech enthusiasts, with some eagerly anticipating its features while others criticize the lack of innovation. #Smartphone #TechDebate"
20-02-2023 12:43,Art,"A recently discovered artwork has experts questioning its authenticity,leading to a contentious debate within the art world. #ArtForgery #Controversy"
21-02-2023 16:19,Fashion,"A popular fashion brand has faced backlash for a controversial advertising campaign, prompting calls for greater sensitivity and cultural awareness in the industry. #FashionControversy #CulturalAwareness"
22-02-2023 14:57,Science,"A groundbreaking new study in the field of astronomy has revealed previously unknown information about the universe, exciting scientists and the general public alike. #Astronomy #SpaceDiscovery"
23-02-2023 17:35,Environment,"A recent oil spill has caused significant damage to marine ecosystems and local communities, leading to calls for stricter regulations on the oil industry. #OilSpill #EnvironmentalDisaster"
24-02-2023 15:14,Education,"A new report suggests that standardized testing may not accurately measure student performance, leading to a debate over the merits and shortcomings of such exams. #StandardizedTesting #EducationDebate"
25-02-2023 13:49,Politics,"A recent political debate has left voters feeling frustrated and disillusioned, with many expressing concerns about the lack of substantive discussion and the focus on negative campaigning. #PoliticalDebate #VoterFrustration"
26-02-2023 16:23,Sports,"An intense rivalry between two sports teams has escalated, with fans becoming increasingly passionate and vocal on social media, leading to both positive and negative interactions. #SportsRivalry #FanEngagement"
27-02-2023 18:11,Entertainment,"A new book release has generated a wide range of reactions, with some readers praising its compelling narrative and thought-provoking themes, while others criticize it for being overly complex and inaccessible. #BookRelease #ReaderOpinions"
28-02-2023 15:37,Health,"A new study reveals that certain dietary supplements may not provide the health benefits they claim, leading to skepticism and calls for stricter regulation. #DietarySupplements #HealthClaims"
01-03-2023 17:15,Travel,"A popular travel destination has introduced new measures to curb overtourism, sparking mixed reactions from both tourists and locals. #Overtourism #TravelMeasures"
02-03-2023 14:48,Technology,"A new virtual reality platform has been released, receiving both praise for its immersive experiences and criticism for its high price tag and potential negative effects on users. #VirtualReality #TechDebate"
03-03-2023 16:29,Art,"An artist's controversial performance piece has sparked a discussion about the boundaries between art and entertainment, with some praising its originality and others questioning its artistic value. #PerformanceArt #ArtDebate"
04-03-2023 13:56,Fashion,"A fashion trend that has recently gained popularity has been criticized for its potential negative environmental impact, leading to a debate over sustainable fashion practices. #FashionTrend #EnvironmentalImpact"
05-03-2023 18:24,Science,"A controversial new scientific study has called into question previous research on climate change, generating heated discussions among experts and the public. #ClimateChange #ScienceDebate"
06-03-2023 15:51,Environment,"An innovative new project aims to clean up plastic waste from the oceans, garnering widespread support and praise, but also raising concerns about its long-term effectiveness and potential side effects. #OceanCleanup #PlasticWaste"
07-03-2023 17:33,Education,"A recent study has highlighted the growing income inequality in access to quality education, sparking a debate about how to address this critical issue. #IncomeInequality #EducationAccess"
08-03-2023 14:59,Politics,"A new policy proposal has received mixed reactions from the public, with some applauding the potential benefits while others argue that it will disproportionately affect certain groups. #PolicyDebate #PoliticalDivide"
09-03-2023 16:42,Sports,"A professional athlete has announced their retirement, prompting an outpouring of both admiration for their achievements and sadness at the end of an era. #SportsRetirement #EndOfAnEra"
10-03-2023 15:17,Entertainment,"A highly anticipated concert has been unexpectedly canceled, leaving fans disappointed and questioning the reasons behind the decision. #ConcertCancellation #Disappointment"
11-03-2023 18:05,Health,"A new fitness trend has gained widespread popularity, with enthusiasts praising its benefits and encouraging others to join, while skeptics argue it's just another passing fad. #FitnessTrend #HealthDebate"
12-03-2023 15:47,Travel,"An airline's decision to introduce a new fee structure for baggage has been met with mixed reactions, with some passengers finding it fair and others expressing frustration at the additional cost. #AirlineFees #BaggageFrustration"
13-03-2023 17:23,Technology,"A new social media platform has launched, attracting users with its unique features and privacy policies, but also drawing criticism for its potential to spread misinformation. #SocialMedia #Misinformation"
14-03-2023 14:51,Art,"A local art festival has received mixed reviews, with some attendees praising the diverse range of artwork on display, while others criticize the event's organization and lack of accessibility. #ArtFestival #MixedReviews"
15-03-2023 16:35,Fashion,"A celebrity's choice of outfit at a high-profile event has sparked debate about the role of fashion in society, with some arguing it's a form of self-expression while others see it as a superficial distraction. #CelebrityFashion #FashionDebate"
16-03-2023 13:58,Science,"A new space exploration mission has captured the imagination of people around the world, but some question the allocation of resources towards such endeavors when pressing issues remain unresolved on Earth. #SpaceExploration #ResourceAllocation"
17-03-2023 18:19,Environment,"A major company has announced ambitious plans to reduce its carbon footprint, receiving both praise for its commitment to sustainability and skepticism about the feasibility of its goals. #CarbonFootprint #Sustainability"
18-03-2023 15:42,Education,"A new online learning platform has received mixed feedback from users, with some praising its convenience and accessibility while others lament the loss of in-person interactions and potential drawbacks. #OnlineLearning #EducationDebate"
19-03-2023 17:16,Politics,"A political candidate's campaign has been marred by a series of controversial statements, leading to polarized reactions from supporters and critics alike. #PoliticalControversy #CandidateDebate"
20-03-2023 14:49,Sports,"A popular sports team has announced a major change in management, eliciting both excitement and anxiety from fans who worry about the future direction of the team. #SportsManagement #TeamChange"
21-03-2023 16:31,Entertainment,"The finale of a popular TV series has left viewers divided, with some praising the conclusion as satisfying and others expressing disappointment at unresolved storylines. #TVSeriesFinale #ViewerOpinions"
22-03-2023 18:07,Health,"A recent study on the health benefits of a popular diet has generated controversy, with some experts questioning the validity of the findings. #DietStudy #HealthControversy"
23-03-2023 15:46,Travel,"A new luxury travel experience has been launched, garnering rave reviews from wealthy travelers but also criticism for being exclusive and unattainable for the average person. #LuxuryTravel #TravelExclusivity"
24-03-2023 17:28,Technology,"A tech company's decision to discontinue a beloved product has left customers divided, with some expressing disappointment and others eagerly awaiting the release of its replacement. #TechDiscontinuation #CustomerDivide"
25-03-2023 14:53,Art,"An art exhibition featuring works created using unconventional materials has sparked a debate on the definition and boundaries of art. #UnconventionalArt #ArtDebate"
26-03-2023 16:34,Fashion,"A well-known fashion designer has made a bold statement by using only recycled materials in their latest collection, receiving both praise for sustainability efforts and criticism for the collection's aesthetics. #RecycledFashion #Sustainability"
27-03-2023 13:57,Science,"A scientific breakthrough in renewable energy has been met with cautious optimism, as experts call for further research and investment to ensure its long-term viability. #RenewableEnergy #CautiousOptimism"
28-03-2023 18:22,Environment,"A report on the negative effects of urban sprawl on wildlife habitats has led to calls for more sustainable urban planning and development. #UrbanSprawl #WildlifeHabitats"
29-03-2023 15:44,Education,"The announcement of a new standardized test for high school students has received mixed reactions, with some arguing it will improve educational outcomes while others fear it will only increase stress and anxiety. #StandardizedTest #EducationStress"
30-03-2023 17:21,Politics,"A new political scandal has erupted, causing outrage among some citizens while others dismiss it as a distraction from more pressing issues. #PoliticalScandal #PublicOpinion"
31-03-2023 14:55,Sports,"The introduction of new rules in a popular sport has generated debate among fans, with some welcoming the changes for promoting safety while others argue it detracts from the essence of the game. #NewRules #SportsDebate"
01-04-2023 16:38,Entertainment,"The surprise announcement of a sequel to a beloved movie has left fans excited and apprehensive, with many speculating on the potential plotlines and characters. #MovieSequel #FanReactions"
02-04-2023 18:11,Health,"A new wellness trend is gaining traction, but experts warn that it may be based on pseudoscience and could potentially lead to negative health consequences. #WellnessTrend #Pseudoscience"
03-04-2023 15:49,Travel,"A popular travel blogger's latest trip has sparked a debate about responsible tourism, with some accusing them of promoting overcrowded destinations while others defend their right to explore the world. #ResponsibleTourism #TravelDebate"
04-04-2023 17:26,Technology,"A recent software update has left users frustrated and confused, with many complaining about glitches and a lack of clear instructions on how to navigate the new interface. #SoftwareUpdate #UserFrustration"
05-04-2023 14:58,Art,"A controversial new sculpture has been installed in a public space, sparking a debate about the role of public art in communities and whether it should be subject to public approval. #PublicArt #ArtControversy"
06-04-2023 16:39,Fashion,"A fast fashion brand has come under fire for allegedly exploiting workers, leading to calls for a boycott and increased scrutiny of the fashion industry's labor practices. #FastFashion #WorkersRights"
07-04-2023 13:55,Science,"The discovery of a new species has captivated the public, but some researchers argue that more attention should be paid to protecting the habitats of existing endangered species. #NewSpecies #ConservationPriorities"
08-04-2023 18:20,Environment,"A new report suggests that the rate of global warming may be slowing down, but environmentalists warn against complacency, stressing the need for continued action on climate change. #GlobalWarming #ClimateAction"
09-04-2023 15:43,Education,"The implementation of a new teaching method in some schools has garnered both praise for its innovation and criticism for its departure from traditional methods. #TeachingMethod #EducationDebate"
10-04-2023 17:19,Politics,"A recent political debate has left voters polarized, with some arguing that it highlighted the need for change while others believe it showed the importance of stability and experience. #PoliticalDebate #VoterDivide"
11-04-2023 14:52,Sports,"A controversial referee decision during a high-stakes game has ignited debate among fans, with some calling for the introduction of more technology to aid decision-making, while others argue that human error is part of the game's charm. #RefereeDecision #SportsControversy"
12-04-2023 16:37,Entertainment,"The announcement of a celebrity's new business venture has been met with mixed reactions, with some praising their entrepreneurial spirit while others accuse them of leveraging their fame for personal gain. #CelebrityBusiness #MixedReactions"
15-10-2022 09:12,Health,"Taking care of your mental health is just as important as your physical health. Don't forget to prioritize self-care! #mentalhealthawareness #selfcare"
15-10-2022 16:20,Science,"Scientists have discovered a new species of spider in the Amazon rainforest. The spider's unique web-spinning abilities have left researchers amazed. #nature #discovery #science"
16-10-2022 08:30,Entertainment,"The new season of Stranger Things is finally here! Who else is binge-watching this weekend? #StrangerThings #Netflix #weekendvibes"
16-10-2022 12:45,Art,"I went to the art museum today and saw some incredible works of art. The way artists can capture emotions in their pieces is truly amazing. #artmuseum #fineart #culture"
17-10-2022 10:05,Technology,"Google's new self-driving car has completed its first successful test drive. It won't be long before we're all cruising around in these futuristic vehicles! #selfdrivingcars #technology #future"
17-10-2022 15:30,Environment,"Climate change is one of the biggest challenges facing our planet. It's up to all of us to do our part to protect the environment and reduce our carbon footprint. #climatechange #environment #sustainability"
18-10-2022 11:20,Travel,"I just booked a trip to Bali and I can't wait to soak up the sun and explore all the beautiful sights the island has to offer. #travelgoals #Bali #wanderlust"
18-10-2022 14:45,Politics,"The midterm elections are coming up and it's important to exercise your right to vote. Don't forget to register and make your voice heard! #elections #politics #voting"
19-10-2022 09:55,Entertainment,"The new Marvel movie is breaking box office records and fans can't get enough of the action-packed adventure. #marvel #movies #entertainment"
19-10-2022 13:10,Science,"Scientists have made a breakthrough in cancer research, developing a new treatment that targets cancer cells directly. This could be a game-changer in the fight against cancer. #cancerresearch #science #medicaladvancements"
20-10-2022 10:30,Health,"Regular exercise and a balanced diet are essential for maintaining good health. Don't forget to prioritize your physical well-being! #healthylifestyle #fitness #nutrition"
20-10-2022 15:20,Fashion,"The fashion industry is constantly evolving, with new trends and styles emerging every season. I can't wait to see what designers have in store for us this fall. #fashion #style #trends"
21-10-2022 12:05,Education,"Learning is a lifelong process and there's always something new to discover. Whether it's a new language, skill, or subject, never stop pursuing knowledge! #education #lifelonglearning #personaldevelopment"
21-10-2022 17:15,Travel,"Exploring new cultures and meeting new people is one of the most enriching experiences in life. Where's your favorite travel destination? #travel #culture #adventure"
22-10-2022 11:50,Politics,"The debate over gun control continues to rage on, with both sides presenting strong arguments. It's a complex issue that requires careful consideration and action. #guncontrol #politics #deb"
22-04-2023 17:40,Education,Just finished my last exam of the semester! Time to celebrate  #college #education #success
23-04-2023 09:15,Travel,Finally on vacation and loving every minute of it! #vacation #beach #travel
23-04-2023 12:30,Food,Found this amazing little bakery with the best pastries! #bakery #pastries #yum
23-04-2023 15:20,Politics,The Prime Minister has just announced new policies to combat climate change. #climatechange #politics #news
24-04-2023 11:00,Technology,Just got the new VR headset and it's blowing my mind! #VR #technology #innovation
25-04-2023 13:45,Sports,The tennis match last night was insane! #tennis #sports #competition
26-04-2023 08:00,Environment,Did you know that recycling just one plastic bottle can save enough energy to power a lightbulb for 3 hours? #recycling #environment #sustainability
27-04-2023 14:10,Fashion,So excited for the new summer collection! Can't wait to update my wardrobe  #fashion #summer #style
28-04-2023 16:30,Education,Just got accepted into my dream school! Hard work pays off  #college #education #success
29-04-2023 10:00,Travel,Exploring the local markets and trying new foods. So many amazing things to see and taste! #travel #foodie #culture
30-04-2023 14:20,Health,Started a new workout routine and already feeling the burn!  #fitness #health #exercise
01-05-2023 11:30,Politics,The city council just passed a new law to improve public transportation. #politics #news #transportation
02-05-2023 09:45,Science,Scientists have discovered a new species of bird in the Amazon rainforest. #science #discovery #nature
03-05-2023 16:00,Entertainment,Just saw the new Broadway show and it was amazing!  #entertainment #broadway #theater
04-05-2023 13:15,Sports,The soccer game last night was intense!  #soccer #sports #competition
05-05-2023 10:30,Technology,The new smartwatch is a game changer! Can't wait to see what they come up with next. #technology #innovation #smartwatch
06-05-2023 12:00,Fashion,Love the new sustainable fashion line. Fashion can be ethical and chic!  #sustainability #fashion #style
07-05-2023 15:20,Food,Tried the best pizza ever at this little place in the city.  #pizza #foodie #yum
08-05-2023 09:00,Education,Studying for finals is stressful but it will all be worth it in the end! #college #education #success
09-05-2023 17:00,Travel,The view from the top of the mountain is breathtaking. So glad I made the hike! #travel #nature #adventure
18-04-2022 11:30,Health,Just finished a 5K run and feeling great! #fitness #exercise #health
18-04-2022 14:45,Science,A new study shows that eating dark chocolate can help lower blood pressure. #health #chocolate #science
19-04-2022 09:00,Travel,Just booked my dream vacation to Hawaii! Can't wait to hit the beach. #travel #vacation #beachlife
19-04-2022 12:20,Politics,The government is proposing a new tax plan that has sparked controversy among citizens. #taxes #politics #news
20-04-2022 16:15,Education,Studying for finals is never fun but it'll all be worth it when I graduate next month! #education #finalsweek #graduation
20-04-2022 18:30,Entertainment,The new season of my favorite TV show just dropped on Netflix and I'm already binge-watching. #netflix #tvshows #entertainment
21-04-2022 10:00,Environment,It's Earth Day! Let's all do our part to protect the planet. #earthday #environment #sustainability
21-04-2022 14:00,Fashion,Just bought the cutest dress for prom next month. #prom #fashion #shopping
22-04-2022 09:45,Technology,The new Samsung Galaxy phone is out and it's giving the iPhone a run for its money. #samsung #galaxy #newtech
22-04-2022 12:00,Food,Just tried the new vegan restaurant in town and it was amazing! #vegan #foodie #yum
23-04-2022 15:30,Sports,My favorite football team just won their game and I'm over the moon! #football #winning #sportsfan
24-04-2022 11:15,Travel,Just got back from an amazing trip to Paris. The Eiffel Tower was breathtaking! #travel #paris #adventure
24-04-2022 13:45,Art,Visited the art museum downtown and saw some amazing pieces by Van Gogh and Monet. #art #museum #culture
25-04-2022 10:00,Politics,The latest scandal involving a high-ranking government official is causing quite a stir. #scandal #politics #news
25-04-2022 13:00,Entertainment,Just saw the new Marvel movie and it was epic! #marvel #movies #entertainment
26-04-2022 14:30,Health,Starting a new diet and exercise plan today. Here's to a healthier me! #healthylifestyle #fitness #nutrition
26-04-2022 17:00,Education,Graduation day has finally arrived! So excited to start the next chapter of my life. #graduation #education #future
27-04-2022 12:45,Technology,The new iPad just came out and I can't wait to get my hands on one. #apple #ipad #newtech
27-04-2022 15:00,Sports,The World Cup is coming up and I'm so excited to watch my favorite teams play! #worldcup #soccer #sportsfan
28-04-2022 09:00,Environment,Switching to a plant-based diet is not only good for the environment but for your health too. #plantbased #environment #healthyliving
25-10-2022 09:12,Science,New study shows that coffee consumption can reduce the risk of Alzheimer's disease. #coffee #health
25-10-2022 15:36,Art,Visited an amazing art exhibit today. So much talent on display! #art #exhibit #culture
26-10-2022 12:08,Politics,The government has announced a new initiative to promote renewable energy sources. #renewableenergy #environment #politics
26-10-2022 19:24,Entertainment,The final season of my favorite TV show just premiered and I'm already hooked. #tvshow #entertainment #excited
27-10-2022 10:45,Travel,Just booked my flights for my dream vacation to Italy next summer! #travel #Italy #excited
27-10-2022 14:09,Education,Studying for my finals is stressful but I know it'll be worth it in the end. #education #finals #studying
28-10-2022 17:55,Sports,The World Series is heating up and I can't wait to see who comes out on top. #baseball #WorldSeries #sports
29-10-2022 11:20,Environment,It's so important to reduce plastic use and protect our oceans. Let's all do our part! #environment #plasticfree #ocean
29-10-2022 15:02,Health,Started a new workout routine and I'm feeling great! #health #fitness #motivation
30-10-2022 08:18,Fashion,Love the new fall fashion trends! Can't wait to update my wardrobe. #fashion #fall #trends
30-10-2022 13:40,Politics,The midterm elections are coming up and I'm excited to cast my vote. #politics #elections #voting
31-10-2022 20:15,Entertainment,Just saw the scariest horror movie ever! I'm going to have nightmares for weeks. #horror #movies #entertainment
01-11-2022 09:30,Science,Scientists have discovered a new species of butterfly in the Amazon rainforest. #science #butterfly #discovery
01-11-2022 14:50,Food,Tried a new vegan restaurant and it was surprisingly delicious. #vegan #foodie #yum
02-11-2022 17:30,Travel,Exploring the historic city of Prague today. So much beauty and culture here. #travel #Prague #history
03-11-2022 12:00,Art,Visited a local art fair and found some amazing pieces to add to my collection. #art #fair #collection
04-11-2022 09:45,Politics,The country is divided on the new tax reform bill. What do you think? #politics #taxreform #news
04-11-2022 14:20,Sports,My favorite football team is playing their biggest rival today. Let's go! #football #sports #rivalry
05-11-2022 16:55,Entertainment,Just finished binge-watching the latest season of my favorite show. Can't wait for the next one. #tvshow #entertainment #bingewatching
06-11-2022 10:10,Education,Studying abroad was the best decision I ever made. So many new experiences and perspectives. #education #studyabroad #travel
30-10-2022 11:12,Health,Feeling better after taking some rest and medication. Don't forget to take care of your health guys! #health #wellness #selfcare
30-10-2022 13:28,Politics,The presidential election results are in and the winner has been declared. Congratulations to the new president-elect! #politics #elections #news
31-10-2022 09:15,Travel,Just got back from an amazing trip to Hawaii! The beaches were stunning and the food was incredible. #travel #vacation #hawaii
31-10-2022 14:30,Education,Today I learned a new language on Duolingo. It's never too late to start learning something new! #education #languagelearning #neverstoplearning
01-11-2022 12:05,Entertainment,The new season of my favorite TV show is finally here! Time to binge-watch all the episodes. #tvshows #entertainment #bingewatching
02-11-2022 08:45,Politics,The midterm elections are coming up and it's important to do your research and vote for the candidates who align with your values. #politics #elections #voting
02-11-2022 15:20,Art,Visited a museum today and saw some amazing paintings by Van Gogh. It was such an inspiring experience. #art #museum #vangogh
03-11-2022 11:10,Sports,Just finished a morning run and feeling energized for the day. Exercise is so important for both physical and mental health. #sports #running #exercise
03-11-2022 14:35,Environment,It's so important to reduce our carbon footprint and protect the environment. Let's all do our part to make the world a better place. #environment #sustainability #climatechange
04-11-2022 10:20,Technology,The new iPhone update is out and it's filled with lots of cool new features. #technology #iphone #newfeatures
04-11-2022 13:50,Politics,The country is going through some tough times right now but we need to come together and support each other to get through it. #politics #news #unity
05-11-2022 09:15,Fashion,Got some amazing new clothes at the mall today. Can't wait to wear them out and show them off! #fashion #shopping #newclothes
05-11-2022 16:30,Education,Studying for my upcoming exams and it's tough but I know all the hard work will pay off in the end. #education #exams #studying
06-11-2022 11:45,Science,Scientists have discovered a new species of butterfly in the Amazon rainforest. It's so amazing to see new discoveries in the world of science. #science #discovery #butterfly
06-11-2022 14:20,Entertainment,Just saw the new Marvel movie and it was incredible! The action scenes were intense and the storyline was amazing. #entertainment #movies #marvel
07-11-2022 10:05,Health,Starting my day with a healthy breakfast to give me the energy I need to tackle the day. Remember a healthy diet is key to overall health and wellness. #health #wellness #breakfast